id,conversation_id,created_at,date,time,timezone,user_id,username,name,place,tweet,language,mentions,urls,photos,replies_count,retweets_count,likes_count,hashtags,cashtags,link,retweet,quote_url,video,thumbnail,near,geo,source,user_rt_id,user_rt,retweet_id,reply_to,retweet_date,translate,trans_src,trans_dest
1595928440078995456,1595928440078995456,2022-11-25 08:52:45 JST,2022-11-25,08:52:45,+0900,1019368405692907520,tirol_rururu,ちろる🐎చిరొరు🇯🇵🇮🇳,,#塚口ナートゥ #RRR応援上映  用に、おおとかげさん( @Mojajoy4 )に、ラーマの髭(制服着用時)を描いてもらいました！🧔😆  ローソンかファミマ 番号：Z6TYU4RANC ネットワークプリント→シール紙→写真プリント→L判  期限：12/25まで(長い！)  髭がつけたくなる時用に印刷しておくといいね☺️  https://t.co/fhNbUpFiAW,ja,"[{'screen_name': 'mojajoy4', 'name': '冷暖自知', 'id': '1328646451'}]",[],['https://pbs.twimg.com/media/FiXgayZVIAAxjKx.jpg'],3,96,197,"['塚口ナートゥ', 'rrr応援上映']",[],https://twitter.com/tirol_rururu/status/1595928440078995456,False,,1,https://pbs.twimg.com/media/FiXgayZVIAAxjKx.jpg,,,,,,,[],,,,
1595923263028621312,1595923263028621312,2022-11-25 08:32:11 JST,2022-11-25,08:32:11,+0900,1489890135370244097,akotyokokorone,ネット配信を眺めるあこ,,好き絵描きのネップリ番号が目の前に書き記されているのに近くにローソンとかファミマ存在しない世界に生まれたことをとてつもなく後悔した,ja,[],[],[],0,0,0,[],[],https://twitter.com/akotyokokorone/status/1595923263028621312,False,,0,,,,,,,,[],,,,
1595923116479238151,1595923116479238151,2022-11-25 08:31:36 JST,2022-11-25,08:31:36,+0900,1460008815982948352,yuki1111_94,ユッキー94垢@1月インテ出ます！,,ソファ棺に寄せての歌  ♪ネップリには期限も書いてくれ〜 ネップリには期限も書いてくれ〜  神絵師の神絵を手元に置けるLaLaLa  しかし一度に全部はしきれない 機械を専有心苦しい終了早いものから優先 期限無記入決めうちで、外して「この番号は無効です」oh oh  ネップリには期限も書いてくれ〜♪,ja,[],[],[],0,1,0,[],[],https://twitter.com/yuki1111_94/status/1595923116479238151,False,,0,,,,,,,,[],,,,
1595921369111621634,1595910821074591744,2022-11-25 08:24:39 JST,2022-11-25,08:24:39,+0900,1474694625487368194,vonyari73,よこやり,,ネップリに使う絵チラ見せです 過去絵4種は、独断と偏見で選びました スペース内でユーザー番号発表します  https://t.co/bHx1jheMFT,ja,[],[],['https://pbs.twimg.com/media/FiXaBiqagAEIKIA.jpg'],0,0,5,[],[],https://twitter.com/vonyari73/status/1595921369111621634,False,,1,https://pbs.twimg.com/media/FiXaBiqagAEIKIA.jpg,,,,,,,[],,,,
1595918440253968385,1595918440253968385,2022-11-25 08:13:01 JST,2022-11-25,08:13:01,+0900,147554270,vivid_88888,vivid,,週末の推しカプWEBオンリー、自分にとってはこのジャンルに沼って初めてのオンリー😆 人生初のWEBオンリーで勝手よくわからないけど、一般参加なら時間にサイトにアクセスすればいいのかな。そこにサークルの皆様が通販サイトとかネップリの番号とか掲載されてるのかな。,ja,[],[],[],0,0,1,[],[],https://twitter.com/vivid_88888/status/1595918440253968385,False,,0,,,,,,,,[],,,,
1595916211011084291,1595916211011084291,2022-11-25 08:04:10 JST,2022-11-25,08:04:10,+0900,1522573135597346816,san3maime,2枚,,ミネ会のネップリ用に追いかけっこするカイクレのペーパースタンドを作りました。21時になりましたら会場とTwitterで番号公開させて頂きます！(お品書きにローソンと書きましたが、セブンイレブンのみの登録となります🙇‍♀️)  よろしくお願いします〜！  https://t.co/V64ffJ2jde,ja,[],[],"['https://pbs.twimg.com/media/FiXVVWWaUAAVOo1.jpg', 'https://pbs.twimg.com/media/FiXVVWWagAA18tV.jpg']",1,9,26,[],[],https://twitter.com/san3maime/status/1595916211011084291,False,,1,https://pbs.twimg.com/media/FiXVVWWaUAAVOo1.jpg,,,,,,,[],,,,
1595912863776145409,1595912863776145409,2022-11-25 07:50:52 JST,2022-11-25,07:50:52,+0900,1285255075120640000,mp_neko,柚子猫杓子(休),,ネットプリント(ローソン)に再び登録してみました。悪霊をペタッと貼りたい方に🥦 ユーザー番号: MK334RLANA L版シール紙:200円 12月3日 7時頃まで (シール印刷に対応している店舗のみ)  https://t.co/yJGQRNZkSu,ja,[],[],['https://pbs.twimg.com/media/FiXSRltUoAEfgr9.jpg'],0,3,9,[],[],https://twitter.com/mp_neko/status/1595912863776145409,False,,1,https://pbs.twimg.com/media/FiXSRltUoAEfgr9.jpg,,,,,,,[],,,,
1595907994809958401,1595907994809958401,2022-11-25 07:31:31 JST,2022-11-25,07:31:31,+0900,1311837468748988417,ond3gm,半券応募するんやで,,〔ネップリ登録のお知らせ２〕 とあるお方からのリクエストで ていこくセット作りました！（過去絵混） ローソン・ファミマで印刷できます ☄️  ユーザー番号【4X45FU6J2W】 22/12/03　2時頃まで  実際に印刷したものは画面上の色味と異なる仕上がりになります。ご了承ください  https://t.co/mdCm4qdCfC,ja,[],[],['https://pbs.twimg.com/media/FiXN3LXaMAA0WuC.jpg'],1,5,19,[],[],https://twitter.com/ond3gm/status/1595907994809958401,False,,1,https://pbs.twimg.com/media/FiXN3LXaMAA0WuC.jpg,,,,,,,[],,,,
1595903744679759872,1595831754405072897,2022-11-25 07:14:37 JST,2022-11-25,07:14:37,+0900,1062686358538346497,st_5353,わぁ,,@AND_shitagaki ネットワークプリント→番号入力→写真用紙→2Lのはずだよ笑笑 頑張って😉,ja,[],[],[],0,0,0,[],[],https://twitter.com/st_5353/status/1595903744679759872,False,,0,,,,,,,,"[{'screen_name': 'AND_shitagaki', 'name': 'あんでぃー', 'id': '1547748799246139393'}]",,,,
1595899631757537280,1595899631757537280,2022-11-25 06:58:17 JST,2022-11-25,06:58:17,+0900,835449447169449984,iswxm6do4oe6qj0,ともぴょん🌈わっか💚６くみ💜💎🐰🎀,,#ソソッカ騎士団 紋章 ちっちゃいサイズの需要ってあるかなぁ いちおうネップリに登録しておきました ユーザー番号：DCGFBFMMJN 期限は12月03日 06時まで #チームMiu  https://t.co/jsiZML8dPf,ja,[],[],"['https://pbs.twimg.com/media/FiXGPkgUoAE6xfS.jpg', 'https://pbs.twimg.com/media/FiXGQJsUAAAOXHu.jpg']",3,3,7,"['ソソッカ騎士団', 'チームmiu']",[],https://twitter.com/iSWXM6DO4Oe6qJ0/status/1595899631757537280,False,,1,https://pbs.twimg.com/media/FiXGPkgUoAE6xfS.jpg,,,,,,,[],,,,
1595891285826891776,1595891285826891776,2022-11-25 06:25:07 JST,2022-11-25,06:25:07,+0900,1234461327990517760,tottori_otori,トットリオトリ,,宝石化がある程度纏まった量になったので、L判用に加筆修正してネップリに登録しました💎 右下の三人衆のみローソンで印刷出来ます↓ TY9T39NKUH  スキャンとか画質とか諸々の対策で、他依頼イラストの印刷番号は依頼主さんにのみ纏めて送らせていただきます〜🙌  https://t.co/NhKlYqL6XC,ja,[],[],['https://pbs.twimg.com/media/FiW-qbWakAAPvMB.jpg'],4,6,23,[],[],https://twitter.com/Tottori_otori/status/1595891285826891776,False,,1,https://pbs.twimg.com/media/FiW-qbWakAAPvMB.jpg,,,,,,,[],,,,
1595847035869011969,1595847035869011969,2022-11-25 03:29:17 JST,2022-11-25,03:29:17,+0900,1066020188980621312,sullivanethell,尾切再生,,ダズムン4ね サークル参加申し込むの忘れちゃったけど、やっぱり何か用意したいな とりあえずなんかのおもろいネップリを準備するかも？イベント当日に番号を公開する…かな！,ja,[],[],[],1,0,5,[],[],https://twitter.com/Sullivanethell/status/1595847035869011969,False,,0,,,,,,,,[],,,,
1595835939049574400,1595835939049574400,2022-11-25 02:45:11 JST,2022-11-25,02:45:11,+0900,75782369,jun_minazuki,みなづき チキンカレーカツライス🍥,,ネットワークプリントにファイルを登録しました。 ユーザー番号: KQRJG4EYC/C 有効期限: 2022-12-03 02時頃まで  #networkprint #ネットワークプリント,ja,[],[],[],0,0,0,"['networkprint', 'ネットワークプリント']",[],https://twitter.com/jun_minazuki/status/1595835939049574400,False,,0,,,,,,,,[],,,,
1595813667395682305,1595813667395682305,2022-11-25 01:16:41 JST,2022-11-25,01:16:41,+0900,1212333460427177984,poszseapwcyfmd1,🕊おひさまなとりてん🕊,,ネットワークプリントにファイルを登録しました。 ユーザー番号: 72J5KPN6MH 登録名: 莉緒うちわ_bk.jpg 登録名: 莉緒うちわ_w.jpg 有効期限: 2022/11/30 01時頃 うちわの素材もどーぞ。  ローソン、ファミマで印刷できるらしい…（試してないのでどーだかわからないw）  https://t.co/BLxNlR37OE,ja,[],['https://networkprint.ne.jp/sharp_netprint/ja/top.aspx'],[],2,0,4,[],[],https://twitter.com/pOszsEapWCyfMD1/status/1595813667395682305,False,,0,,,,,,,,[],,,,
1595811128260509698,1595811128260509698,2022-11-25 01:06:36 JST,2022-11-25,01:06:36,+0900,1475765893305364484,yua_n_yuyo_n,🎮ゆあん🌠,,ネットワークプリントにファイルを登録しました。 ユーザー番号: KW52ADWT52 有効期限: 2022-12-03 01時頃まで   #networkprint #ネットワークプリント 先ほどのこちらのイラスト、気に入ったのでネットプリント登録しました…  https://t.co/h4RcOAtOZV,ja,[],[],['https://pbs.twimg.com/media/FiV1wsgVsAE5xeM.jpg'],0,1,3,"['networkprint', 'ネットワークプリント']",[],https://twitter.com/yua_n_yuyo_n/status/1595811128260509698,False,,1,https://pbs.twimg.com/media/FiV1wsgVsAE5xeM.jpg,,,,,,,[],,,,
1595810344118939648,1595758896073019394,2022-11-25 01:03:29 JST,2022-11-25,01:03:29,+0900,1518825667617751041,mooon97610960,mooon,,@RisaShoooo 😂wwww 私もネップリ最初むずかったなぁ…😂wwww がんばってえええりさちゃんｯｯｯ🥺！ コンビニの機械でネットワークプリントってところ押して、番号入れて、領域右側を選択してお金入れて キランｯ✨ですｯｯｯ！！！！！wwww,ja,[],[],[],2,0,2,[],[],https://twitter.com/mooon97610960/status/1595810344118939648,False,,0,,,,,,,,"[{'screen_name': 'RisaShoooo', 'name': 'りさ', 'id': '1027723073951170560'}]",,,,
1595808418505408512,1595808418505408512,2022-11-25 00:55:50 JST,2022-11-25,00:55:50,+0900,1310201533712138243,izumo_shi,出雲氏,,@mis315ora  こんばんは！突然メンションお許しください😭 ネットプリント先日させて頂いてました！ ほんとにほんとに可愛くてかつ凛々しくて…プリント番号を公開してもらえて感謝の気持ちで一杯です…😭 ありがとうございました…！,ja,[],[],[],1,0,1,[],[],https://twitter.com/izumo_shi/status/1595808418505408512,False,,0,,,,,,,,[],,,,
1595803240943489024,1595803240943489024,2022-11-25 00:35:15 JST,2022-11-25,00:35:15,+0900,2267028649,zil_r14,ZIL_R,,二階堂オンリーのお誕生日ケーキネップリもしたかったんだけど、期限終わってしまったのかネップリ番号取得ページなくなってたので断念…,ja,[],[],[],0,0,0,[],[],https://twitter.com/zil_r14/status/1595803240943489024,False,,0,,,,,,,,[],,,,
1595800860755251200,1595800860755251200,2022-11-25 00:25:48 JST,2022-11-25,00:25:48,+0900,1521882217798021120,hyrn_easysi,やさしい,,ブラサガのネップリしそこねたわん、、、 もっかき番号プリーズなお方おります？,ja,[],[],[],0,0,0,[],[],https://twitter.com/hyrn_easysi/status/1595800860755251200,False,,0,,,,,,,,[],,,,
1595800706056826881,1595800706056826881,2022-11-25 00:25:11 JST,2022-11-25,00:25:11,+0900,728509053664534528,yomohiromao,銀髪ハーフエルフLevi,,寝る前の宣伝 ファミマでネットワークプリントを実施中 コピー機横の端末でユーザー番号を入力 L版は３０円で印刷が出来ますね～♪  「温かみ」のあるAIイラストの実験成果 是非、お迎えくだされ～♪  それでは、皆様良い夢をー♪ おやすみなさいです  #おやすみVtuber,ja,[],[],[],0,0,2,['おやすみvtuber'],[],https://twitter.com/yomohiromao/status/1595800706056826881,False,https://twitter.com/yomohiromao/status/1595376894119096321,0,,,,,,,,[],,,,
1595798628840636419,1595798628840636419,2022-11-25 00:16:56 JST,2022-11-25,00:16:56,+0900,1500042691069222917,sekisei_mg,ぺ,,11/27「DAZZLING MOONLIT NIGHT4」にスペース【か7】にてサークル参加させて頂きます ネップリと展示のみです！当日にネップリ番号公開いたします！よろしくお願いします🤲 ＃ダズムン4お品書き  https://t.co/UMSlzJGSl9,ja,[],[],"['https://pbs.twimg.com/media/FiVqYzeaMAEjkBC.jpg', 'https://pbs.twimg.com/media/FiVqYzjakAAErAZ.jpg']",1,55,142,['ダズムン4お品書き'],[],https://twitter.com/sekisei_mg/status/1595798628840636419,False,,1,https://pbs.twimg.com/media/FiVqYzeaMAEjkBC.jpg,,,,,,,[],,,,
1595798014618374144,1595798014618374144,2022-11-25 00:14:29 JST,2022-11-25,00:14:29,+0900,1558506144447881217,ppevo_s_only,おとうさんオンリー『PPエボリューション！』,,＼\ イベント後も #PPエボ !! /／  イベントは終了しましたが、頒布物や展示物、ネップリ番号などのツイートにもぜひタグをご利用ください✨ イベントの思い出や感想なども大歓迎です！！,ja,[],[],[],0,6,4,['ppエボ'],[],https://twitter.com/ppevo_s_only/status/1595798014618374144,False,,0,,,,,,,,[],,,,
1595796562760060938,1595796562760060938,2022-11-25 00:08:43 JST,2022-11-25,00:08:43,+0900,1526250332472619008,14earth_,ちきう,,ネットプリント~！ 微調整が残ってるので明日あたりに番号載せます~🫶 2枚描き下ろし2枚過去絵です！良ければ！  https://t.co/uQ9omlOedv,ja,[],[],['https://pbs.twimg.com/media/FiVog_gagAEY-Zw.jpg'],0,0,15,[],[],https://twitter.com/14earth_/status/1595796562760060938,False,,1,https://pbs.twimg.com/media/FiVog_gagAEY-Zw.jpg,,,,,,,[],,,,
1595795963746349057,1595795963746349057,2022-11-25 00:06:20 JST,2022-11-25,00:06:20,+0900,1593041910989729794,y_figure127,ユリ,,トレードに参戦するけれどほぼ諦めてる… せめて作ったバナーだけでも八戸に行ってほしいな…こんな稚拙な作品ですが、どなたか使って下さるととても嬉しいです… 一応セブンのネップリに登録しました…番号は4枚目に載ってます…A3サイズで印刷代100円がかかります…  #プロローグ #羽生結弦  https://t.co/hsd1JD3VMd,ja,[],[],"['https://pbs.twimg.com/media/FiVn9eraEAIIws6.jpg', 'https://pbs.twimg.com/media/FiVn9s0akAI0hYE.jpg', 'https://pbs.twimg.com/media/FiVn978aYAAi1s5.jpg', 'https://pbs.twimg.com/media/FiVn-KOaAAE9sdM.jpg']",8,60,268,"['プロローグ', '羽生結弦']",[],https://twitter.com/y_figure127/status/1595795963746349057,False,,1,https://pbs.twimg.com/media/FiVn9eraEAIIws6.jpg,,,,,,,[],,,,
1595795594131697664,1595795587370487809,2022-11-25 00:04:52 JST,2022-11-25,00:04:52,+0900,1522412095165272065,tm_kzn48,KZN48 -KiZuNa Forty Eight-,,KZN48イベントしおり DL版 KZN48本部（pictspace）  https://t.co/EM2UySsMEo  ネップリ B4／カラー／両面短辺とじ推奨 セブンイレブン 予約番号：ETX24HNK ローソン・ファミマ ユーザー番号: CW4CB9FUPA,ja,[],['https://pictspace.net/items/detail/292184'],[],1,8,5,[],[],https://twitter.com/tm_kzn48/status/1595795594131697664,False,,0,,,,,,,,[],,,,
1595792401875890176,1595789511241306112,2022-11-24 23:52:11 JST,2022-11-24,23:52:11,+0900,1191248814474059776,aierimuza11,我棲✍️🚢,,とくにお知らせはしないですが、ハロウィンの時のユーザー番号と同じとこ(ﾛｰｿﾝorﾌｧﾐﾏ)に登録してるので、万が一この写真欲しいって方がいらしたらネップリご自由にどうぞ😘(雑)12月1日までです🙆‍♀️,ja,[],[],[],0,0,2,[],[],https://twitter.com/aierimuza11/status/1595792401875890176,False,,0,,,,,,,,[],,,,
1595790448987365376,1595790448987365376,2022-11-24 23:44:26 JST,2022-11-24,23:44:26,+0900,1452946020183134208,kee_kpop,みけ🦊FC2次今日来るぞ(言霊),,⸝⋆ 　　　　　𝐸𝑁𝐻𝑌𝑃𝐸𝑁        🐧𝐻𝑎𝑝𝑝𝑦 𝑆𝑢𝑛𝑔ℎ𝑜𝑜𝑛 𝐷𝑎𝑦🐧  　　~ カプホ原画配布&amp;ネップリ ~   ✓ ♡ 𝗈𝗋 𝖱𝖳  ✓ ローソンorファミマ  ✓ 予約番号：5ZUF72LH32  ✓ 印刷はA4の光沢紙がおすすめ🫧  ✓ 原画はご自由に保存どうぞ~ .ᐟ   #ENHYPEN配布 #ENHYPEN #SUNGHOON  https://t.co/tAP2zVOHOa,ja,[],[],['https://pbs.twimg.com/media/FiVi8r0acAA1dgk.jpg'],3,7,33,"['enhypen配布', 'enhypen', 'sunghoon']",[],https://twitter.com/kee_kpop/status/1595790448987365376,False,,1,https://pbs.twimg.com/media/FiVi8r0acAA1dgk.jpg,,,,,,,[],,,,
1595789323877904384,1595789323877904384,2022-11-24 23:39:57 JST,2022-11-24,23:39:57,+0900,1512791463318683651,hamachi_94,八町,,カウントダウンイラスト1日前担当させていただきました！ ファミマ・ローソンにてネップリ登録したので、もしよろしければどうぞ！ ポストカードとはまた違う雰囲気になっているかと思います✨ （※主催様許可済）  ネップリ番号：FJNPDFUZBF #ブラサガアフター  https://t.co/WqDdg2h7bj,ja,[],[],['https://pbs.twimg.com/media/FiVhSzqaAAEcZvs.jpg'],0,6,24,['ブラサガアフター'],[],https://twitter.com/hamachi_94/status/1595789323877904384,False,,1,https://pbs.twimg.com/media/FiVhSzqaAAEcZvs.jpg,,,,,,,[],,,,
1595788741574299648,1595788741574299648,2022-11-24 23:37:38 JST,2022-11-24,23:37:38,+0900,1013011894041366529,write_sonority,秋本そら/小説投稿サイト垢,,ネットプリント登録しました！  お題：芍薬 タイトル：甘露環奈の誕生花 プリント予約番号：58383182  セブンイレブンにて、12月1日までプリント可能です。 印刷の際は小冊子右閉じの設定をお願いします。  ご興味のある方はぜひ！  https://t.co/7Z1Uq12F6u,ja,[],[],['https://pbs.twimg.com/media/FiVhZsAaUAECwfX.jpg'],0,1,2,[],[],https://twitter.com/write_sonority/status/1595788741574299648,False,,1,https://pbs.twimg.com/media/FiVhZsAaUAECwfX.jpg,,,,,,,[],,,,
1595787553365692422,1595787553365692422,2022-11-24 23:32:55 JST,2022-11-24,23:32:55,+0900,1072124700782866433,00_ratemaru_00,ラテ,,昨日はWEBオンリーお疲れさまでした！ 展示させていただいていた漫画はこちらで読めます📕  展示４コマ漫画   https://t.co/N8EXF0uqgs  Web再録　※12/10まで   https://t.co/nktNanE46w   過去絵ネットプリント（画像参照）※11/30まで 　せっかくなのでセブンの番号も追加しました🙏  https://t.co/6kZ1kbWlcx,ja,[],"['https://poipiku.com/324965/7879985.html', 'https://poipiku.com/324965/7879991.html']",['https://pbs.twimg.com/media/FiVXtEkVQAEmTcA.jpg'],0,18,83,[],[],https://twitter.com/00_ratemaru_00/status/1595787553365692422,False,,1,https://pbs.twimg.com/media/FiVXtEkVQAEmTcA.jpg,,,,,,,[],,,,
1595787542934478850,1595787542934478850,2022-11-24 23:32:53 JST,2022-11-24,23:32:53,+0900,1527299410971234304,o8sum1,すや@10a!,,そして相互へ 今後もしネップリやる機会があれば番号をDMに送り付けてください光の速さでコンビニへ走りますどうぞよろしくお願いします すや,ja,[],[],[],0,0,8,[],[],https://twitter.com/O8sum1/status/1595787542934478850,False,,0,,,,,,,,[],,,,
1595784919200169984,1595784919200169984,2022-11-24 23:22:27 JST,2022-11-24,23:22:27,+0900,1378272246779678724,banra_v,ばんら,,【ネップリ登録アンケート】画像の番号を選んでアンケート画面でチェック入れて送信していただけると助かる。 画像以外で再登録してほしいイラストあればリプにください  https://t.co/6Dzlerw2X9  https://t.co/6uwgGMhHhF,ja,[],['https://tayori.com/feedback/29e146ef85cac7e138d65ddc026f41016ee3ab00/'],['https://pbs.twimg.com/media/FiVdoNNVEAAOXnQ.jpg'],1,2,13,[],[],https://twitter.com/banra_v/status/1595784919200169984,False,,1,https://pbs.twimg.com/media/FiVdoNNVEAAOXnQ.jpg,,,,,,,[],,,,
1595784482040479744,1595294774613147648,2022-11-24 23:20:43 JST,2022-11-24,23:20:43,+0900,754250494009192449,mtmc_bkmn,むつもち@ぼくものRFアカ,,DL無配＆ネットプリントはどちらも再ミネ小説です。 「Tears」リクナオ/A5二段組/16P/全年齢 「勝負のなつ」カイクレ/A5二段組/16P/全年齢  ネップリ番号は26日にお知らせします。無配データにもネップリにも表紙画像をお付けしますので、印刷して頂ければコピー本としてお楽しみ頂けます🙌  #ミネ会  https://t.co/1uoxYBQC3t,ja,[],[],"['https://pbs.twimg.com/media/FiVdhsPaMAABS1k.jpg', 'https://pbs.twimg.com/media/FiVdhsLaMAENe3k.jpg', 'https://pbs.twimg.com/media/FiVdhsPaEAYr4Pj.jpg']",1,2,6,['ミネ会'],[],https://twitter.com/mtmc_bkmn/status/1595784482040479744,False,,1,https://pbs.twimg.com/media/FiVdhsPaMAABS1k.jpg,,,,,,,[],,,,
1595781419154182145,1595781419154182145,2022-11-24 23:08:33 JST,2022-11-24,23:08:33,+0900,200403790,naruco70,鳴虎🐯🐰,,セブンのネップリに上げてた、特定の理由で北九州に行くシュテルンビルト市民用の周遊MAPがプリント期限を迎えたので再アップしました。予約番号【17583150】、暗証番号は【バーナビーの誕生日を４桁で】。両面プリントです。プリント料金はA4サイズ60円×2で120円かかります  https://t.co/QRoyKp8hj6,ja,[],[],['https://pbs.twimg.com/media/FiVaVg_VUAA4iPQ.jpg'],0,109,129,[],[],https://twitter.com/naruco70/status/1595781419154182145,False,,1,https://pbs.twimg.com/media/FiVaVg_VUAA4iPQ.jpg,,,,,,,[],,,,
1595778293944713216,1595778293944713216,2022-11-24 22:56:08 JST,2022-11-24,22:56:08,+0900,996961160,melodyluco57,🐞Lukanette♪🎸@マーメイドジュレカの色塗り頼むぅ(*´▽`人)💙,,パリ月大急ぎで回れた分だけだけどネップリ行ってきた🥰❤️❤️❤️ 全部おしゃれすぎるね❤️❤️❤️ミラキュラーズは天才で溢れてるね✨✨✨ 焦りすぎててネップリ番号間違ってたのかプリントできなかったやつもいくつかあったから次回はもっとゆっくり回れるといいな🥺💦  https://t.co/4PB8T16Txe,ja,[],[],['https://pbs.twimg.com/media/FiVX5XbVEAEA4qe.jpg'],3,2,10,[],[],https://twitter.com/melodyLuCo57/status/1595778293944713216,False,,1,https://pbs.twimg.com/media/FiVX5XbVEAEA4qe.jpg,,,,,,,[],,,,
1595775025776586755,1595775025776586755,2022-11-24 22:43:08 JST,2022-11-24,22:43:08,+0900,1569892003059736576,theblack_onry,Blackend世海征服♥告知アカウント,,【イベント専用ネットプリントのお知らせ】 ご参加頂いた方へ、イベントのイラストを使用したネットプリントを用意しております🖤当日本部(え4)の展示品に番号を載せておきますので、宜しければ記念に印刷してみてください(  ˃ ᵕ ˂  )(ローソン、ファミマ、セブン対応)  https://t.co/6HZdwh33gE,ja,[],[],['https://pbs.twimg.com/media/FiVU7VdUUAAorwR.jpg'],0,6,10,[],[],https://twitter.com/Theblack_onry/status/1595775025776586755,False,,1,https://pbs.twimg.com/media/FiVU7VdUUAAorwR.jpg,,,,,,,[],,,,
1595774097606471680,1595774097606471680,2022-11-24 22:39:27 JST,2022-11-24,22:39:27,+0900,176706668,shishou0309,すず,,パソデス1122お疲れさまでした🙇 そして主催様、素敵なイベントをありがとうございました！ スペース遊びに来てくださった方々もありがとうございます！ イベント中に掲示していた忠誕小話のネップリ番号になります。 お手元にお迎え頂けたら嬉しいです😊 #パソデス1122アフター  https://t.co/60jIt9I93A,ja,[],[],"['https://pbs.twimg.com/media/FiVUFNcagAEqdE8.jpg', 'https://pbs.twimg.com/media/FiVUFZ_agAAmQnQ.jpg']",0,3,6,['パソデス1122アフター'],[],https://twitter.com/shishou0309/status/1595774097606471680,False,,1,https://pbs.twimg.com/media/FiVUFNcagAEqdE8.jpg,,,,,,,[],,,,
1595772743223767044,1595772743223767044,2022-11-24 22:34:04 JST,2022-11-24,22:34:04,+0900,871436422627991552,mitu35_e,蜂屋みつ,,#ブラサガアフター  ネップリは28日までやってます！ ユーザー番号：JMPYM9TE6Q 推奨サイズ：２L 有効期限：2022/11/28　22時頃  https://t.co/iody8S0Ojx,ja,[],[],['https://pbs.twimg.com/media/FiVSf6MUYAADvtJ.jpg'],0,18,57,['ブラサガアフター'],[],https://twitter.com/mitu35_e/status/1595772743223767044,False,,1,https://pbs.twimg.com/media/FiVSf6MUYAADvtJ.jpg,,,,,,,[],,,,
1595772559995596800,1595772559995596800,2022-11-24 22:33:20 JST,2022-11-24,22:33:20,+0900,1272131768020135936,a_rikka_k,立夏,,オンプチにネップリ出す予定でそれと同時にこっちでも何枚かネップリ出したいけど、ユーザー番号みたいなのって2つ分けること出来ないよね？,ja,[],[],[],0,0,0,[],[],https://twitter.com/a_rikka_k/status/1595772559995596800,False,,0,,,,,,,,[],,,,
1595772006389415936,1595771156547907584,2022-11-24 22:31:08 JST,2022-11-24,22:31:08,+0900,29734095,kai_suika,カイP🐰🌹,,新型はシールプリントなんかも出来る方ね。今回みたいな企画モノはシールプリント出来ないけど、自分で登録したネットプリントや絵師さんが番号出してくれてるやつなら出来るかな。今回比較の為にわざと旧世代機の店に行ってみたけど、先ほどの写真のとおり今日もサインは出ませんでした💥,ja,[],[],[],0,1,7,[],[],https://twitter.com/kai_suika/status/1595772006389415936,False,,0,,,,,,,,[],,,,
1595770008025837568,1595770008025837568,2022-11-24 22:23:12 JST,2022-11-24,22:23:12,+0900,1571870873791123457,tksn_antholo,武新アンソロジー企画,,【フライヤーに関するお知らせ】当アンソロフライヤーを、12月18日（日）「COMIC CITY SPARK 17」にてむつきさん(@mutuki05)のサークル『西3ホールC35a【墜落】』にて配布して頂くことになりました！当日はフライヤーの作成者、デザイン、ネップリ登録番号なども発表しますので、お楽しみに！,ja,"[{'screen_name': 'mutuki05', 'name': 'むつき【12/18】西3/c35a', 'id': '149288415'}]",[],[],1,10,7,[],[],https://twitter.com/tksn_antholo/status/1595770008025837568,False,,0,,,,,,,,[],,,,
1595765822676299776,1595765822676299776,2022-11-24 22:06:34 JST,2022-11-24,22:06:34,+0900,2948991535,ayaglacier,亜矢@次は1/14ぎさWeb,,お題箱に刀嵐でのネップリご希望ありがとうございました💕 前向きに考えます。 ネップリ番号は当日のお品書きでメモってくださいませ😊,ja,[],[],[],0,0,1,[],[],https://twitter.com/AyaGlacier/status/1595765822676299776,False,,0,,,,,,,,[],,,,
1595764627232935937,1595764627232935937,2022-11-24 22:01:49 JST,2022-11-24,22:01:49,+0900,105499711,amuse8,アミュー,,【ネットプリント】 ローソン、ファミリーマートにてこちらの3種登録しました。 名都はbefore afterな感じで。兄弟なので宇月も一緒に。  ⚠️はがきプリント推奨です(L判は線飛びます) カラー印刷か白黒印刷かで若干濃さ違います。 画像参考まで。  番号　6LCF3H3LWA 期限　12/2   18時  #この音とまれ  https://t.co/JCAq8GApmb,ja,[],[],"['https://pbs.twimg.com/media/FiVLd8vUAAIv7Qc.jpg', 'https://pbs.twimg.com/media/FiVLd8yUoAEJpZ3.jpg', 'https://pbs.twimg.com/media/FiVLd8xUoAEnh1Q.jpg', 'https://pbs.twimg.com/media/FiVLd8zVQAQO8L5.jpg']",45,686,2921,['この音とまれ'],[],https://twitter.com/amuse8/status/1595764627232935937,False,,1,https://pbs.twimg.com/media/FiVLd8vUAAIv7Qc.jpg,,,,,,,[],,,,
1595763878033784832,1595763878033784832,2022-11-24 21:58:51 JST,2022-11-24,21:58:51,+0900,1414495100336369675,pm_nw5,花うさぎ@絵描き,,ネットプリントやってます ファミマ　又は、ローソンでも 印刷できます コンビニ（ファミマ、ローソン）の印刷機から ネットプリントを選択して ユーザー番号（QEDG8FD6QW）を入力 画像プリントからどうぞ  https://t.co/PJ2hyxz5vA,ja,[],[],['https://pbs.twimg.com/media/FiVKydXacAAeWAv.jpg'],2,6,24,[],[],https://twitter.com/pm_nw5/status/1595763878033784832,False,,1,https://pbs.twimg.com/media/FiVKydXacAAeWAv.jpg,,,,,,,[],,,,
1595762687614803968,1595762687614803968,2022-11-24 21:54:07 JST,2022-11-24,21:54:07,+0900,2188575428,r198530,カレーフラッペ12/30東5-ハ13b,,#春高同窓会  いよいよ今週末26日開催！ 既刊のギャグ本とネットプリント(番号は当日公開)の予定です。  https://t.co/JaYZLYpyUa,ja,[],[],['https://pbs.twimg.com/media/FiVJp6PaEAEjNUG.jpg'],1,14,13,['春高同窓会'],[],https://twitter.com/r198530/status/1595762687614803968,False,,1,https://pbs.twimg.com/media/FiVJp6PaEAEjNUG.jpg,,,,,,,[],,,,
1595760671651950595,1595760671651950595,2022-11-24 21:46:06 JST,2022-11-24,21:46:06,+0900,707044130405265411,dondoko841,Nib【ニブ】,,カレメル、き５「にぼし村」のお品書きですわーーーー！！！（激遅告知） 扱うのは人外紳士こと「虚音イフ」「有響シロ」「真歌ジョー」の三人ですわ！！  ネットプリントの番号は当日会場に置いてある方のお品書きに書いてあるのでもしよろしければぜひ…  https://t.co/I7AMEhjJIu,ja,[],[],['https://pbs.twimg.com/media/FiVG_C-UUAERb0P.jpg'],2,13,30,[],[],https://twitter.com/dondoko841/status/1595760671651950595,False,,1,https://pbs.twimg.com/media/FiVG_C-UUAERb0P.jpg,,,,,,,[],,,,
1595756912754446340,1595756912754446340,2022-11-24 21:31:10 JST,2022-11-24,21:31:10,+0900,162071055,dai_kyousuke,情緒がメリーゴーランドの恭輔。,,迷える子羊ちゃんたちへ 🎨⛄️❄️🌨✨(しちゅぱれうぃんたーでーとこれくしょん) ネットプリント再登録しました！ﾛｿｰﾝとﾌｧﾐﾏﾏ！ ユーザー番号: 2RCMZ9RQ73 有効期限: 2022-12-02 21時頃まで ⚠️恭輔。個人には収益いっさい入りません ⚠️印刷代がかかってしまいます ⚠️二次配布や商用は禁止  https://t.co/VPMCkL46aW,ja,[],[],"['https://pbs.twimg.com/media/FiVEc_lakAA5td1.jpg', 'https://pbs.twimg.com/media/FiVEc_iaAAEZW_E.jpg']",7,4,66,[],[],https://twitter.com/dai_kyousuke/status/1595756912754446340,False,,1,https://pbs.twimg.com/media/FiVEc_lakAA5td1.jpg,,,,,,,[],,,,
1595756908522401792,1595756908522401792,2022-11-24 21:31:09 JST,2022-11-24,21:31:09,+0900,1431607604157902850,mamimamithk,まみ,,昨日のイベントで公開したネップリ。12/4までとなっています。カレンダーです。よろしければどうぞ。7-8月差分ありです。 ユーザー番号: GH8KKF6GUC ローソン、ファミマ、ポプラ 葉書サイズ、写真L版、2L版対応  https://t.co/8RczNBl5rP,ja,[],[],"['https://pbs.twimg.com/media/FiVEcfsaAAAwyPt.jpg', 'https://pbs.twimg.com/media/FiVEcgBaAAANTN6.jpg', 'https://pbs.twimg.com/media/FiVEcfwaAAYvBvH.jpg']",0,8,28,[],[],https://twitter.com/mamimamithk/status/1595756908522401792,False,,1,https://pbs.twimg.com/media/FiVEcfsaAAAwyPt.jpg,,,,,,,[],,,,
1595756075974012928,1595756075974012928,2022-11-24 21:27:50 JST,2022-11-24,21:27:50,+0900,1569220671649251328,888maru__,八。🐝💫,,【告知②】 もうすぐ年末と言うことで、ネットプリントによるメッセージ付き年賀状企画を行います！！！✨ リプもしくはDMを頂けた方には新たな書き下ろしイラスト及び個別メッセージも添えさせて頂きます☺️ プリント番号などは年末にまたお知らせします！！🐝💫  https://t.co/NiIe8qR8sQ,ja,[],[],['https://pbs.twimg.com/media/FiVDsQBakAEfUWr.jpg'],4,3,7,[],[],https://twitter.com/888maru__/status/1595756075974012928,False,,1,https://pbs.twimg.com/media/FiVDsQBakAEfUWr.jpg,,,,,,,[],,,,
1595748593583157248,1595748593583157248,2022-11-24 20:58:06 JST,2022-11-24,20:58:06,+0900,1453717654754062345,ut_ri__11,こよる＊ﾀｸﾞお迎え,,【ネットプリント 期間延長(ラインナップ追加)のお知らせ】  ありがたいことにとてもご好評だったので、再登録して期間延長させていただきました✌️✨  そしてチェキ風の種類が少し増えてます🤲 (画像3枚目はおまけ) 番号は変わってないです！ 印刷報告とても喜びます🥰  ■ 12月1日 (木) まで  https://t.co/dydfEk4IzL,ja,[],[],"['https://pbs.twimg.com/media/FiU84HiacAEpB2R.jpg', 'https://pbs.twimg.com/media/FiU84HjaEAAryWe.jpg', 'https://pbs.twimg.com/media/FiU84HmacAIkktd.jpg']",0,22,73,[],[],https://twitter.com/Ut_ri__11/status/1595748593583157248,False,,1,https://pbs.twimg.com/media/FiU84HiacAEpB2R.jpg,,,,,,,[],,,,
1595746791844352000,1595742487779323906,2022-11-24 20:50:57 JST,2022-11-24,20:50:57,+0900,73377502,weisse_flugels,タヌキ愛好家の七倉💉💉💉💉/C101土西へ42b/月曜日のたぬき,,再録記念の「秋のコンポコ山」 要望のあったきんぺい♂のネップリも延長します🍃  🏪セブン‐イレブン（12/01まで）  🍃秋のコンポコ山 🖨予約番号:MEHS2TKY 📷L カラー:1枚40円  🦊お供えくれなきゃ化かしちゃうぞ！ 🖨予約番号:FG4D9JC9 📷L カラー:1枚40円  #TanukiThursday #タヌキ #キツネ  https://t.co/FBN9lkKvw4,ja,[],[],"['https://pbs.twimg.com/media/FiU7HmmUAAY7s3o.jpg', 'https://pbs.twimg.com/media/FiU7NQKUcAEWb4G.jpg']",1,9,7,"['tanukithursday', 'タヌキ', 'キツネ']",[],https://twitter.com/weisse_flugels/status/1595746791844352000,False,,1,https://pbs.twimg.com/media/FiU7HmmUAAY7s3o.jpg,,,,,,,[],,,,
1595745717339189248,1595745717339189248,2022-11-24 20:46:41 JST,2022-11-24,20:46:41,+0900,1555164669874413568,tankibu_daisuki,久米ゆる🎴👹オンリー う2,,#炭鬼舞webオンリーお品書き 近づいて来ましたので再掲。 当日は新刊「太陽と月に背いて」冒頭pixivにて公開、販売 ネットプリント番号配布を行います〜セブンイレブンでもできるようになったよ  https://t.co/chZCEhgQio,ja,[],[],['https://pbs.twimg.com/media/FiU6RR0aYAIa28w.jpg'],0,1,8,['炭鬼舞webオンリーお品書き'],[],https://twitter.com/tankibu_DAISUKI/status/1595745717339189248,False,,1,https://pbs.twimg.com/media/FiU6RR0aYAIa28w.jpg,,,,,,,[],,,,
1595745542998724608,1595745542998724608,2022-11-24 20:45:59 JST,2022-11-24,20:45:59,+0900,73377502,weisse_flugels,タヌキ愛好家の七倉💉💉💉💉/C101土西へ42b/月曜日のたぬき,,すみません…ネップリ番号載せますので再投稿します😣💦,ja,[],[],[],0,0,0,[],[],https://twitter.com/weisse_flugels/status/1595745542998724608,False,,0,,,,,,,,[],,,,
1595745294071001089,1595745294071001089,2022-11-24 20:45:00 JST,2022-11-24,20:45:00,+0900,1352979341521510400,gkart3cho,サンチョ,,いいね、RTありがとうございます！自分が欲しいのでネップリ登録したのですが、もしよければ…貰ってやって下さい。 ローソン　番号 :HF328Q574C プリント料金 :写真用紙 L判:30円 2L判:80円シール紙 L判:200円 2L判:300円　12月2日14時ごろまで有効です。,ja,[],[],[],0,4,18,[],[],https://twitter.com/GKart3cho/status/1595745294071001089,False,https://twitter.com/GKart3cho/status/1595130916518920192,0,,,,,,,,[],,,,
1595742487779323906,1595742487779323906,2022-11-24 20:33:51 JST,2022-11-24,20:33:51,+0900,73377502,weisse_flugels,タヌキ愛好家の七倉💉💉💉💉/C101土西へ42b/月曜日のたぬき,,新作ネップリはたぬき山ポスカ🍃 無配ペーパーも印刷できます📃  🏪セブン‐イレブン（12/01まで）  🍃たぬき山ポスカ2022 🖨予約番号:2RRMQEEN 🏣 カラー:1枚60円  📚たぬき山無配ペーパー 🖨予約番号:F6R456NX 📃B5:白黒40円（2P）  #TanukiThursday #ホンドタヌキ #多摩動物公園 #たぬき山の仲間たち  https://t.co/i6y5QivCmK,ja,[],[],"['https://pbs.twimg.com/media/FiU3KKiVsAAEvkF.jpg', 'https://pbs.twimg.com/media/FiU3OYyVEAAE3iW.png', 'https://pbs.twimg.com/media/FiU3P_3UoAAs4G-.png']",1,8,11,"['tanukithursday', 'ホンドタヌキ', '多摩動物公園', 'たぬき山の仲間たち']",[],https://twitter.com/weisse_flugels/status/1595742487779323906,False,,1,https://pbs.twimg.com/media/FiU3KKiVsAAEvkF.jpg,,,,,,,[],,,,
1595741925369610240,1595741925369610240,2022-11-24 20:31:37 JST,2022-11-24,20:31:37,+0900,1014506214057652224,t_bhbl,ﾔﾗﾔﾗ🐯ﾔｰﾗ🐯ﾔﾗﾔﾗﾔﾗ🐯🍣🥬,,#塚口ナートゥ 用に「あの葉っぱ」のネットプリントを用意したよ〜🍃 みんなでマスクに貼って大地女神の子になろう🥰 番号: MYTNGRXT2E ローソンかファミマ ネットワークプリント→シール紙→写真プリント→L判  https://t.co/LfNsJrW6co,ja,[],[],['https://pbs.twimg.com/media/FiU20mKUcAIokLq.jpg'],4,100,207,['塚口ナートゥ'],[],https://twitter.com/t_bhbl/status/1595741925369610240,False,,1,https://pbs.twimg.com/media/FiU20mKUcAIokLq.jpg,,,,,,,[],,,,
1595741726723178497,1595741726723178497,2022-11-24 20:30:49 JST,2022-11-24,20:30:49,+0900,1556104470026919936,tano125_rntt,いつき,,先日アップした、旅行に行ったけど豪雨のため宿でいちゃいちゃして帰るだけのロントトのやつ。ネップリ登録しました。 twitterやpixivで全部見れます。 紙で欲しい方いれば。。 ユーザー番号: LZMK4DLP68 有効期限: 2022-12-02 18時頃まで 印刷したらそのまま折って中綴じ本にできます。  https://t.co/jAFSPlekk4,ja,[],[],['https://pbs.twimg.com/media/FiU17cKaUAIscv6.jpg'],0,0,1,[],[],https://twitter.com/tano125_rntt/status/1595741726723178497,False,,1,https://pbs.twimg.com/media/FiU17cKaUAIscv6.jpg,,,,,,,[],,,,
1595739243628068870,1595739236267065345,2022-11-24 20:20:57 JST,2022-11-24,20:20:57,+0900,1214914099248693248,kc_amal09,九重きっか(原稿やばいのすがた)@12/18西24a,,とりあえず イラスト→会場で番号公開ネップリ 漫画→外部サイト(ポイピクやプライベッター)へのリンク貼って公開 予定です 進捗はなかなかかなりやばめですが頑張ってます！！  https://t.co/PKDBJ3CBJm,ja,[],[],['https://pbs.twimg.com/media/FiU0YitaYAACyAm.jpg'],0,8,10,[],[],https://twitter.com/kc_amal09/status/1595739243628068870,False,,1,https://pbs.twimg.com/media/FiU0YitaYAACyAm.jpg,,,,,,,[],,,,
1595738278233133056,1595738278233133056,2022-11-24 20:17:07 JST,2022-11-24,20:17:07,+0900,1520749520283652099,ryoumatnkb,龍馬@🎴👹オンリーお1,,#炭鬼舞webオンリーお品書き お品書きです〜　ネップリの番号は後日お知らせします  https://t.co/sQ4d5OyQRG,ja,[],[],['https://pbs.twimg.com/media/FiUzgR6VEAAU2YN.jpg'],1,3,10,['炭鬼舞webオンリーお品書き'],[],https://twitter.com/Ryoumatnkb/status/1595738278233133056,False,,1,https://pbs.twimg.com/media/FiUzgR6VEAAU2YN.jpg,,,,,,,[],,,,
1595736325956677633,1595736325956677633,2022-11-24 20:09:22 JST,2022-11-24,20:09:22,+0900,1081419995391782912,chadamaru,茶狸ちゃだ丸,,webイベント一般参加して、ネップリのユーザー番号？をスクショしたつもりが、ちゃんとできていなかった作品もあって、泣(T^T)💦💦 アナログ人間の私は、メモをとっておくべきだった…,ja,[],[],[],0,0,0,[],[],https://twitter.com/chadamaru/status/1595736325956677633,False,,0,,,,,,,,[],,,,
1595736258952966144,1595736258952966144,2022-11-24 20:09:06 JST,2022-11-24,20:09:06,+0900,1558395191245303808,dtsk_0515,ｵﾆｷﾞﾘ,,《ネットプリントご案外》 めでたくｵﾆｷﾞﾘがスノさん9人を1枚のイラストに収めることができた記念にネップリやりますᐠ( ¨̮  )ᐟyeah  🍙ユーザー番号【98E2ZGW64G】 🍙ファミマ/ローソン対応 🍙写真紙ましかくプリント1枚50円 (フチなし推奨) 🍙12月14日13時頃まで  ▼こちらのイラストです！  https://t.co/wH5IoYtCUD,ja,[],[],['https://pbs.twimg.com/media/FiUxq0laEAAvFJ8.jpg'],1,5,30,[],[],https://twitter.com/dtsk_0515/status/1595736258952966144,False,,1,https://pbs.twimg.com/media/FiUxq0laEAAvFJ8.jpg,,,,,,,[],,,,
1595733590460944384,1595733590460944384,2022-11-24 19:58:29 JST,2022-11-24,19:58:29,+0900,886083005957132288,hujinami04,山吹✬,,はじめてのネップリ登録しました！  全4種類 ファミマ/ローソンで印刷できます ユーザー番号 2XMHH2YAXU です 12/2 AM11時ごろまでです  https://t.co/UWGUxYHJ5r,ja,[],[],['https://pbs.twimg.com/media/FiUuab1UUAA-8Yz.jpg'],1,3,15,[],[],https://twitter.com/hujinami04/status/1595733590460944384,False,,1,https://pbs.twimg.com/media/FiUuab1UUAA-8Yz.jpg,,,,,,,[],,,,
1595732610910912512,1592866504231784449,2022-11-24 19:54:36 JST,2022-11-24,19:54:36,+0900,1595368147535945730,ayumi_ennsama,あ ゆ ゆ ん .,,@tarova_48 LINEでネットワークプリントっていう公式アカウントがあるんですけどそれ友達追加してもらって印刷したい写真を送ったらユーザー番号的なのがあっちから送られてくるのでそれ打ってサイズ選んでお金入れたら完了です🙆🏻質問あれば聞いてください！！,ja,[],[],[],1,0,1,[],[],https://twitter.com/ayumi_ennsama/status/1595732610910912512,False,,0,,,,,,,,"[{'screen_name': 'tarova_48', 'name': 'あ や ね い ろ 🧢 🎬', 'id': '1454789225388265473'}]",,,,
1595731023677251584,1595731023677251584,2022-11-24 19:48:17 JST,2022-11-24,19:48:17,+0900,1366269567463399425,zuidai1,zuidai,,ネップリ明日までです！よろしければ〜😊 でも、11/27のイベントの際に、再登録する予定です❗️（再登録なので、11/27以降は番号が変わります）,ja,[],[],[],0,1,0,[],[],https://twitter.com/zuidai1/status/1595731023677251584,False,https://twitter.com/zuidai1/status/1594349213491814401,0,,,,,,,,[],,,,
1595729755994984448,1595471226595840000,2022-11-24 19:43:15 JST,2022-11-24,19:43:15,+0900,1417080184532967425,star77star77hos,晴天,,@sugsusug わーーーー！！！！ ありがとう御座います！！！！！ 画像内にネットプリントの番号があったのですね！！！！ ツイートの文字で探しておりました！ 申し訳ありません（泣）,ja,[],[],[],0,0,1,[],[],https://twitter.com/star77star77hos/status/1595729755994984448,False,,0,,,,,,,,"[{'screen_name': 'sugsusug', 'name': '荒居すすぐ\U0001fae7', 'id': '1057286154398031872'}]",,,,
1595729650776670209,1595557084783083521,2022-11-24 19:42:50 JST,2022-11-24,19:42:50,+0900,162071055,dai_kyousuke,情緒がメリーゴーランドの恭輔。,,@yunbo69 おうちかえったらまたネップリ登録するやで(ง ◜௰◝ )ว 番号とか色々変わっちゃうけどご了承おば(ง ◜௰◝ )ว,ja,[],[],[],1,0,1,[],[],https://twitter.com/dai_kyousuke/status/1595729650776670209,False,,0,,,,,,,,"[{'screen_name': 'yunbo69', 'name': 'ゆんぼ🏹🎨@', 'id': '119333645'}]",,,,
1595720507671728128,1595720507671728128,2022-11-24 19:06:30 JST,2022-11-24,19:06:30,+0900,930415509681487872,00214seno_kun,せーの,,会場に入りそびれてネップリ番号が分からないので、番号を公開していただけると有難いです… #ブラサガ_1123,ja,[],[],[],0,0,0,['ブラサガ_1123'],[],https://twitter.com/00214seno_kun/status/1595720507671728128,False,,0,,,,,,,,[],,,,
1595720417918226432,1595720417918226432,2022-11-24 19:06:09 JST,2022-11-24,19:06:09,+0900,4035320353,umatuki_14,キサラギ,,・ネップリ(ファミマ)番号 ・🐯新刊予約 ・booth(特殊装丁版、スタンプ、アクスタ、ステッカーセット) ・ポイピク展示3点  ↑各リンクをまとめてリットリンク先に設置してます！回りきれなかった方こちらからどうぞ  booth予約の方は来週末くらいまでカート開けておきますのでぜひ #ブラサガアフター,ja,[],[],[],2,5,11,['ブラサガアフター'],[],https://twitter.com/umatuki_14/status/1595720417918226432,False,https://twitter.com/umatuki_14/status/1595563927538372609,0,,,,,,,,[],,,,
1595720305976442880,1595707761265823744,2022-11-24 19:05:42 JST,2022-11-24,19:05:42,+0900,1448252153571676167,mogumo_miya,百雲みや⛩新人Vtuber,,@4shiy_GAMEs 解決済でしたらすみません！  ローソン、ファミマのネップリに必要なユーザー番号はアップロード者から事前に伝えられた10桁の番号のことですね！ パスワード、ネップリ番号と呼ばれてるものはだいたいそのユーザー番号のことを指してます。  私の配信でも分かりづらい発言をしてしまってすみません💦,ja,[],[],[],1,0,1,[],[],https://twitter.com/mogumo_miya/status/1595720305976442880,False,,0,,,,,,,,"[{'screen_name': '4shiy_GAMEs', 'name': 'ヨッシー (現在自粛中)🫀💋', 'id': '1523626379920560130'}]",,,,
1595715195556724736,1578026507066228737,2022-11-24 18:45:24 JST,2022-11-24,18:45:24,+0900,41046314,konkiriooni,🐻,,そういえばWEBイベでのネップリ番号貼ろうと思ってたの忘れてた！よろければどうぞ😊12/3までだよ〜  https://t.co/ESYFihqBvj,ja,[],[],"['https://pbs.twimg.com/media/FiUegikacAAaJP1.jpg', 'https://pbs.twimg.com/media/FiUegiiaMAAcmsG.jpg']",3,27,68,[],[],https://twitter.com/konkiriooni/status/1595715195556724736,False,,1,https://pbs.twimg.com/media/FiUegikacAAaJP1.jpg,,,,,,,[],,,,
1595713822178041856,1595706770236002305,2022-11-24 18:39:56 JST,2022-11-24,18:39:56,+0900,1434869335936233478,tamanimimikaki,たまに耳かき,,すみません、訂正です。 ・セブンイレブンの予約番号の下記の 日付時間は、2022/12/01 23:59:59までということです。 ・1枚60円ですが、私の売り上げではなく、ネットプリントにかかる料金です。 ・製本のやり方の完成の画像は右綴じになってますが、zineは左綴じになります。 よろしくお願いします。,ja,[],[],[],0,3,2,[],[],https://twitter.com/tamanimimikaki/status/1595713822178041856,False,,0,,,,,,,,[],,,,
1595709067523395584,1595709067523395584,2022-11-24 18:21:03 JST,2022-11-24,18:21:03,+0900,2353334670,sungen_ooki,sungen（さんげん）@ネップリ5HKX37TNFY /12月15日まで,,みな～ネップリ番号はTwitterにも流して…ほしいよぉ。会場限定なら仕方ないのですが…うっうう網羅できなかったと思う,ja,[],[],[],0,3,4,[],[],https://twitter.com/sungen_ooki/status/1595709067523395584,False,,0,,,,,,,,[],,,,
1595707761265823744,1595707761265823744,2022-11-24 18:15:51 JST,2022-11-24,18:15:51,+0900,1523626379920560130,4shiy_games,ヨッシー (現在自粛中)🫀💋,,ローソン、ファミマのネップリは何かを事前にやらんといけないのか(  '▽')？  ユーザー番号……？,ja,[],[],[],2,0,2,[],[],https://twitter.com/4shiy_GAMEs/status/1595707761265823744,False,,0,,,,,,,,[],,,,
1595706783439683589,1595706770236002305,2022-11-24 18:11:58 JST,2022-11-24,18:11:58,+0900,1434869335936233478,tamanimimikaki,たまに耳かき,,また、イベント参加が久しぶりだったので、既刊もネットプリントします、こちらもぜひチェックしてみてくださいね〜  セブンイレブン 予約番号:31417986 2022/12/01 23:59:59  ローソン ユーザー番号:H3JJPR68CF 2022/12/01 17:00頃まで  どちらのコンビニでも1枚60円です よろしくお願いします！  https://t.co/m5Nfw3AOtk,ja,[],[],"['https://pbs.twimg.com/media/FiUW20KaEAA5IRv.jpg', 'https://pbs.twimg.com/media/FiUW20JaUAAJRiO.jpg']",1,3,3,[],[],https://twitter.com/tamanimimikaki/status/1595706783439683589,False,,1,https://pbs.twimg.com/media/FiUW20KaEAA5IRv.jpg,,,,,,,[],,,,
1595706770236002305,1595706770236002305,2022-11-24 18:11:55 JST,2022-11-24,18:11:55,+0900,1434869335936233478,tamanimimikaki,たまに耳かき,,文フリで頒布したzineをネットプリントします〜、ぜひ印刷してみてください！ 製本のやり方も参考までにどうぞ…！  セブンイレブン 予約番号:15777608 2022/12/01 23:59:59  ローソン ユーザー番号:H3JJPR68CF 2022/12/01 17:00頃まで  どちらのコンビニでも1枚60円です よろしくお願いします！  https://t.co/DwZIXoNXmH,ja,[],[],"['https://pbs.twimg.com/media/FiUW1_daUAAddoi.jpg', 'https://pbs.twimg.com/media/FiUW1_WacAUsKJY.jpg']",1,11,21,[],[],https://twitter.com/tamanimimikaki/status/1595706770236002305,False,,1,https://pbs.twimg.com/media/FiUW1_daUAAddoi.jpg,,,,,,,[],,,,
1595706172874510336,1595706172874510336,2022-11-24 18:09:33 JST,2022-11-24,18:09:33,+0900,2353334670,sungen_ooki,sungen（さんげん）@ネップリ5HKX37TNFY /12月15日まで,,後、まだネップリ呟いていた方いたけど、ネップリ番号わかんなかったり会場限定だったりしたのでもしできることならTwitterにプリント番号流していただきたい…,ja,[],[],[],0,0,0,[],[],https://twitter.com/sungen_ooki/status/1595706172874510336,False,,0,,,,,,,,[],,,,
1595705916124721152,1595705916124721152,2022-11-24 18:08:31 JST,2022-11-24,18:08:31,+0900,2821036939,cafelattecafe78,らてる🍸💛らてるんたー💫,,#ねぇだいくん  #ねぇふぁみきりさん ネップリのQRコードをタッチするところを写メして来ました！番号を入力する画面になったら、右下にかざすとすぐプリントアウト画面にいきます(o^-')b ! 良ければご参考に(_ _*)  https://t.co/4vtLncJtej,ja,[],[],"['https://pbs.twimg.com/media/FiUWEORUcAATCL2.jpg', 'https://pbs.twimg.com/media/FiUWEtzVUAEPjQF.jpg']",0,3,21,"['ねぇだいくん', 'ねぇふぁみきりさん']",[],https://twitter.com/cafelattecafe78/status/1595705916124721152,False,,1,https://pbs.twimg.com/media/FiUWEORUcAATCL2.jpg,,,,,,,[],,,,
1595704176205365248,1595702959014555649,2022-11-24 18:01:37 JST,2022-11-24,18:01:37,+0900,1337003563650666496,as081046,りりか 🕊🐈,,@e21657224 コピー機でプリント選んでその中でネットプリント選んでプリントしたいメンバーの番号入力！,ja,[],[],[],1,0,0,[],[],https://twitter.com/as081046/status/1595704176205365248,False,,0,,,,,,,,"[{'screen_name': 'e21657224', 'name': 'えり', 'id': '1480401754806431749'}]",,,,
1595703976863072256,1589802718012801024,2022-11-24 18:00:49 JST,2022-11-24,18:00:49,+0900,1012276553323909120,weusdewwiazawjv,レニー,,準備できました〜！ ローソンかファミマのみになりますが、ネットワークプリント→ユーザー番号「L5C8JDUNBL」を入力、写真用紙のLサイズで出力お願いします🙇 サイズ11.4cm✕4cm、文庫本に当てると3枚目の画像のようになります。 お手数ですが、黒い枠に沿って切り取ってお使いください。  https://t.co/QqvNkw8cwF,ja,[],[],"['https://pbs.twimg.com/media/FiUUTQSUcAA8V7O.jpg', 'https://pbs.twimg.com/media/FiUUTgdUUAEIxsk.jpg', 'https://pbs.twimg.com/media/FiUUT0jVEAA6FR7.jpg']",1,10,17,[],[],https://twitter.com/weUSdeWwiaZaWjV/status/1595703976863072256,False,,1,https://pbs.twimg.com/media/FiUUTQSUcAA8V7O.jpg,,,,,,,[],,,,
1595703772482879491,1595703772482879491,2022-11-24 18:00:00 JST,2022-11-24,18:00:00,+0900,1324610137122697216,54nekomata,猫🐈又@ネップリはローソンで(固ツイ),,フォロワー様300人記念にネップリを登録しました!! 今回シークレットもありますので、ぜひシークレットも印刷してください!! 写真用紙、ふち有り推奨です!!! ※報告は任意(でもしてほしい)で、報告してくれる方はシークレットだけ隠してツイートしてください🙇‍♀️ 番号→7WH738HPAG　期限12/23　17時まで  https://t.co/gUcQDpiCot,ja,[],[],['https://pbs.twimg.com/media/FiTtN2JakAEfuvK.jpg'],1,4,18,[],[],https://twitter.com/54nekomata/status/1595703772482879491,False,,1,https://pbs.twimg.com/media/FiTtN2JakAEfuvK.jpg,,,,,,,[],,,,
1595700102240567297,1595700102240567297,2022-11-24 17:45:25 JST,2022-11-24,17:45:25,+0900,1490950658165702660,kisaki_eria,妃咲えりあ🍼👑@12/13〜ﾊﾞﾅｲﾍﾞ,,@17muMsp3OhePEYU   昨日は配信に来てくれてありがとうございました、、！！（ ;  ; ）♡ ネップリの番号をお渡ししたいので、よろしければフォロバかDMの解放をお願い致します、、！🙇‍♂️🙇‍♂️,ja,[],[],[],1,0,0,[],[],https://twitter.com/kisaki_eria/status/1595700102240567297,False,,0,,,,,,,,[],,,,
1595697129799852033,1595697129799852033,2022-11-24 17:33:37 JST,2022-11-24,17:33:37,+0900,524151887,medic_kango,メディックメディア看護（公式）〜10/3から企画開始〜,,10，11月分（1-9週目）のネットプリントは明日までです！😳🙌印刷し忘れてた方，今日あすでぜひ． ✅コンビニ：ファミリーマート／ローソン ✅ユーザー番号：UYP36T6XQC ✅有効期限：〜2022/11/25（金） 12月分も登録できたらSNSでお知らせします😊 #17週後にQB1周する看護学生,ja,[],[],[],0,0,4,['17週後にqb1周する看護学生'],[],https://twitter.com/medic_kango/status/1595697129799852033,False,https://twitter.com/medic_kango/status/1594504642544574464,0,,,,,,,,[],,,,
1595691118523731969,1595627094427701248,2022-11-24 17:09:43 JST,2022-11-24,17:09:43,+0900,3065723287,aoki_gang,アオキミドリピンク,,@MTH_BiSH いやいや、セブンのネットプリントで 番号を打てば印刷代は負担ですが 印刷できます〜販売とかでは無いです🙏🏻,ja,[],[],[],1,0,1,[],[],https://twitter.com/AOKI_GANG/status/1595691118523731969,False,,0,,,,,,,,"[{'screen_name': 'MTH_BiSH', 'name': 'S君', 'id': '1213732798265085954'}]",,,,
1595686720783101952,1595686720783101952,2022-11-24 16:52:15 JST,2022-11-24,16:52:15,+0900,1462722454057594884,noi__noinoi,noi,,午前中ネットプリント番号が登録されてなかったやつが登録されたよ！のお知らせが来たけど寝て起きて二日連続の飛行機で三半規管の耳と頭がまだなんかあれなので出かけたくねえ…でもなあ…どうするかなあ,ja,[],[],[],0,0,0,[],[],https://twitter.com/noi__noinoi/status/1595686720783101952,False,,0,,,,,,,,[],,,,
1595686541375832064,1595686541375832064,2022-11-24 16:51:32 JST,2022-11-24,16:51:32,+0900,864269917389963264,aihashii_1,藍葉詩依,,もきゅーのネットプリントを2枚登録してます✩°｡⋆⸜(* ॑꒳ ॑*  )⸝  印刷可能場所:ローソン、ファミリーマート 印刷サイズ:L判  印刷番号はリンク先でご確認ください(*･ω･)*_ _))   https://t.co/ut6BOl32ZW  https://t.co/EuxdWvDwfd,ja,[],['https://lit.link/admin/creator'],['https://pbs.twimg.com/media/FiUEdAPUYAAcZMX.jpg'],2,3,3,[],[],https://twitter.com/aihashii_1/status/1595686541375832064,False,,1,https://pbs.twimg.com/media/FiUEdAPUYAAcZMX.jpg,,,,,,,[],,,,
1595684870139023360,1595400540640641025,2022-11-24 16:44:54 JST,2022-11-24,16:44:54,+0900,1461601095755599878,pic_shishio,ししお,,@twiligh19611989 Ericaさん、嬉しいお言葉本当にありがとうございました😭✨✨すみません、製本とかは予定無いですが、色々検討の末、先ほどネップリ番号を共有させて頂きました😭🙏ただ、本当最悪な完成度なので、やらなくて大丈夫です！！とにかく感動で突き動かされたよってことだけお伝えしたく😭🙏🙏✨,ja,[],[],[],1,0,1,[],[],https://twitter.com/pic_shishio/status/1595684870139023360,False,,0,,,,,,,,"[{'screen_name': 'twiligh19611989', 'name': 'Erica', 'id': '1542342966857322497'}]",,,,
1595684414939607040,1595400540640641025,2022-11-24 16:43:05 JST,2022-11-24,16:43:05,+0900,1461601095755599878,pic_shishio,ししお,,@orika_phoris オリカさーん、ちゃんとした製本ではないんですが、他の方にも嬉しいお言葉いただきまして、色々試行錯誤の末、先ほどネップリ番号を共有させて頂きました😭🙏ただ、完成度ヤバいので、やらないで大丈夫ですｽﾐﾏｾﾝ😭😭とにかく感動で突き動かされました、感謝です😭🙏🙏✨,ja,[],[],[],1,0,1,[],[],https://twitter.com/pic_shishio/status/1595684414939607040,False,,0,,,,,,,,"[{'screen_name': 'orika_phoris', 'name': 'オリカ', 'id': '265653325'}]",,,,
1595684381565124608,1595684381565124608,2022-11-24 16:42:57 JST,2022-11-24,16:42:57,+0900,753604260365869060,worechigato,(を),,【ネットプリント】  店舗：ファミマ/ローソン 番号：X7YUYHGZBP 期間：12/2(金) 15時頃まで  報告は任意ですがツイートしてくださるとをれちが喜びます！  ※私に利益は一切入りません ※転売や再配布、自作発言等は禁止です ※ファンアートとしてモラルの範囲内でお楽しみください  https://t.co/rJpNlQAFKs,ja,[],[],['https://pbs.twimg.com/media/FiUCe4MUcAAoiqp.jpg'],5,33,144,[],[],https://twitter.com/WORECHIgato/status/1595684381565124608,False,,1,https://pbs.twimg.com/media/FiUCe4MUcAAoiqp.jpg,,,,,,,[],,,,
1595684072323715078,1595684072323715078,2022-11-24 16:41:43 JST,2022-11-24,16:41:43,+0900,1533473212608450560,oskr_only,根性キメて愛羅武勇♡,,【アンソロ参加カードについて】 アンソロ用の参加カードをご用意いたしました！✨  こちらのカードはネップリ番号配布のためにお使いいただけます！ 必ずイベント開始後にご使用くださいませ🙇‍♀️  ▽専用ハッシュタグ #キメらぶ1126_アンソロ  ポイピク等での使用も問題ございません🙆‍♀️  #キメらぶ1126  https://t.co/NhVGs3i6DF,ja,[],[],"['https://pbs.twimg.com/media/FiUCNItUoAAVxgc.jpg', 'https://pbs.twimg.com/media/FiUCNIsUUAEmfMd.jpg']",0,3,3,"['キメらぶ1126_アンソロ', 'キメらぶ1126']",[],https://twitter.com/oskr_only/status/1595684072323715078,False,,1,https://pbs.twimg.com/media/FiUCNItUoAAVxgc.jpg,,,,,,,[],,,,
1595683529660456963,1595400540640641025,2022-11-24 16:39:34 JST,2022-11-24,16:39:34,+0900,1461601095755599878,pic_shishio,ししお,,@Bond_wanwan 咲彩さん、嬉しいお言葉ありがとうございました😭✨✨感動し過ぎて、色々試行錯誤の末、先ほどネップリ番号を共有させて頂きました😭🙏ただ、本当印刷荒かったり、本ガタガタだったりなんで、やらなくていいので！！とにかく感動で突き動かされたよってことだけお伝えしたく😭🙏🙏✨,ja,[],[],[],1,0,1,[],[],https://twitter.com/pic_shishio/status/1595683529660456963,False,,0,,,,,,,,"[{'screen_name': 'Bond_wanwan', 'name': '咲彩(さーや)', 'id': '1211304677301575680'}]",,,,
1595682280072441856,1595682280072441856,2022-11-24 16:34:36 JST,2022-11-24,16:34:36,+0900,1461601095755599878,pic_shishio,ししお,,需要は自分だけと思っていたフォ二本が欲しいというお言葉に、あまりに感動し過ぎて、製本・販売とかするつもりは無いのですが、自己満でネップリ番号を共有させて下さい🙇‍♂️ ・印刷荒くて読めず ・本ガタガタになる ・内容は近日支部に上げる ↑これでも欲しい方居ましたらどなた様でもお好きにどうぞ🙇‍♂️  https://t.co/X5O7hg1yud,ja,[],[],"['https://pbs.twimg.com/media/FiUAktLaAAIrfvp.jpg', 'https://pbs.twimg.com/media/FiUAktRaUAEZUvb.jpg', 'https://pbs.twimg.com/media/FiUAktQaAAAjoNx.jpg', 'https://pbs.twimg.com/media/FiUAktRaEAEZiLa.jpg']",1,9,38,[],[],https://twitter.com/pic_shishio/status/1595682280072441856,False,,1,https://pbs.twimg.com/media/FiUAktLaAAIrfvp.jpg,,,,,,,[],,,,
1595677080947396608,1595677080947396608,2022-11-24 16:13:57 JST,2022-11-24,16:13:57,+0900,918511099716157441,xo_hin,Haine@12/11 キ12a,,ネップリ今登録したので告知済みのユーザー番号で印刷できます🙇‍♀️🙇‍♀️🙇‍♀️🙇‍♀️🙇‍♀️🙇‍♀️🙇‍♀️🙇‍♀️🙇‍♀️🙇‍♀️  ユーザー番号【DD43RN3FYT】  大変申し訳ございませんでした！！！！！よろしければご利用ください🙇‍♀️12/2までです！,ja,[],[],[],0,31,107,[],[],https://twitter.com/xo_hin/status/1595677080947396608,False,https://twitter.com/xo_hin/status/1532686315455541249,0,,,,,,,,[],,,,
1595666063198662657,1595666063198662657,2022-11-24 15:30:10 JST,2022-11-24,15:30:10,+0900,1199413023439388672,usuai6seiran,鉛🐍,,えーんｾﾌﾞﾝさんのネップリ、ソフトで加工したやつだと一個の番号で登録できない…うう,ja,[],[],[],0,0,0,[],[],https://twitter.com/Usuai6Seiran/status/1595666063198662657,False,,0,,,,,,,,[],,,,
1595663451531382784,1595663451531382784,2022-11-24 15:19:47 JST,2022-11-24,15:19:47,+0900,2888832950,piaco_pf,🥜ピア子🥓𓆉,,ファミマでネップリにしました。よかったらどうぞ プリント番号：WAU33MUXQR  https://t.co/IbUpj5GwPC,ja,[],[],['https://pbs.twimg.com/media/FiTvcz8UoAAqrth.jpg'],0,2,2,[],[],https://twitter.com/piaco_Pf/status/1595663451531382784,False,,1,https://pbs.twimg.com/media/FiTvcz8UoAAqrth.jpg,,,,,,,[],,,,
1595662930955362305,1595662930955362305,2022-11-24 15:17:43 JST,2022-11-24,15:17:43,+0900,1357617094649470977,mochi_sakurako,🌸桜餅　桜子🍺,,今日、しらすまんチャレンジやります🔥負けないぞい٩( 'ω' )و  そして、ニョッキイベ1位🥇記念ネップリの番号を立ち絵に貼り付けます☺️良かったらスクショしてプリントしてね😘  対応店舗：ファミマ・ポプラ・ローソン 印刷期限：8日以内,ja,[],[],[],0,3,7,[],[],https://twitter.com/mochi_sakurako/status/1595662930955362305,False,https://twitter.com/mochi_sakurako/status/1595270649211420672,0,,,,,,,,[],,,,
1595659958087217152,1595659958087217152,2022-11-24 15:05:54 JST,2022-11-24,15:05:54,+0900,1380455027987247104,br___tanner,たな,,司千webオンリーイベントにサークル参加させていただきます。  PARACOSM スペース番号:う3(全年齢向け)  ・ポスカセット通販 ・スナップ写真企画用ネットプリント ・漫画展示(P2)  当日はよろしくお願いします！ #司空_GO温泉  https://t.co/bcX8RYmc1B,ja,[],[],"['https://pbs.twimg.com/media/FiTsRgNUUAAQfem.jpg', 'https://pbs.twimg.com/media/FiTsRgLUoAEVDgg.jpg', 'https://pbs.twimg.com/media/FiTsRgKVsAA8crv.jpg']",0,16,23,['司空_go温泉'],[],https://twitter.com/br___tanner/status/1595659958087217152,False,,1,https://pbs.twimg.com/media/FiTsRgNUUAAQfem.jpg,,,,,,,[],,,,
1595658478944763905,1593780958876282880,2022-11-24 15:00:01 JST,2022-11-24,15:00:01,+0900,183550368,yulit_,雨林＠のんびり原稿,, https://t.co/KRkV0cqhjr 司千webオンリーのお品書きできました！ ネップリ番号は会場で公開します (しおりはサイズが違うためスナップ写真集企画には参加していません) ツイッターではイベントの後で公開します よろしくお願いします！！ #司空_GO温泉  https://t.co/d6uwHhxaxO,ja,[],['https://twitter.com/yulit_/status/1593780958876282880'],"['https://pbs.twimg.com/media/FiSu5SwaMAAdAV-.jpg', 'https://pbs.twimg.com/media/FiSu5SuaMAER9bZ.jpg']",0,12,28,['司空_go温泉'],[],https://twitter.com/yulit_/status/1595658478944763905,False,https://twitter.com/yulit_/status/1593780958876282880,1,https://pbs.twimg.com/media/FiSu5SwaMAAdAV-.jpg,,,,,,,[],,,,
1595658228394004480,1595658228394004480,2022-11-24 14:59:02 JST,2022-11-24,14:59:02,+0900,1375320962611118083,natsu_y0871,なな【11/23🐍🍡オンリーありがとうございました💗】,,改めて昨日はありがとうございました。 延長戦……ではありませんが……プロフカードを貼っておきます。 ネップリの番号など控えるのにお使いください🙇  ↓プロフカード↓   https://t.co/NwWuSMs4vX,ja,[],['https://profcard.info/u/MLcfDjSXqWQsG5YvnH9nu9evU792'],[],0,9,13,[],[],https://twitter.com/natsu_y0871/status/1595658228394004480,False,,0,,,,,,,,[],,,,
1595654738531741697,1595654738531741697,2022-11-24 14:45:10 JST,2022-11-24,14:45:10,+0900,329549043,tomoyu6331,うさこ,,セブンのネットプリントが予約番号入力じゃなくてQRコード読み込みに変わっててちょっと感動した🥺✨家にプリンター無いので😅,ja,[],[],[],0,0,3,[],[],https://twitter.com/tomoyu6331/status/1595654738531741697,False,,0,,,,,,,,[],,,,
1595649344807788544,1593162806744207360,2022-11-24 14:23:44 JST,2022-11-24,14:23:44,+0900,52612376,sugwi,sugwi,,【11/24 #4 ラロハ油断無し！ガビのラロハ最年少ゴル炸裂！】 2022 #FIFA #ワールドカップ #カタール 日程・時間割・スタジアム・放送局（ABEMA省略）全部入り日程表。 間違いは優しくご指摘を。随時更新。 （ネットプリント番号99320723 12/1まで） #fifaworldcup #W杯 #Qatar2022 #W杯日程表S  https://t.co/zRD1OgHm8E,ja,[],[],['https://pbs.twimg.com/media/FiTimXPacAE1FUf.jpg'],1,2,6,"['fifa', 'ワールドカップ', 'カタール', 'fifaworldcup', 'w杯', 'qatar2022', 'w杯日程表s']",[],https://twitter.com/sugwi/status/1595649344807788544,False,,1,https://pbs.twimg.com/media/FiTimXPacAE1FUf.jpg,,,,,,,[],,,,
